{
  "title": "User Portal",
  "widgets": [
    {
      "wid": "44",
      "x": "1",
      "y": "2",
      "title": "My Profile",
      "width": "2",
      "height": "1",
      "prefs": "{}",
      "wclass": "",
      "url": "/portal/gadgets/user_profile/gadget.xml",
      "permissions": [
        "/permission/admin/login"
      ],
      "authorized": "true",
      "id": "user_profile"
    },
    {
      "wid": "40",
      "x": "3",
      "y": "2",
      "title": "Account Recovery",
      "width": "2",
      "height": "1",
      "prefs": "{}",
      "wclass": "",
      "url": "/portal/gadgets/account-recovery/gadget.xml",
      "permissions": [
        "/permission/admin/login"
      ],
      "authorized": "true",
      "id": "account_recovery"
    },
    {
      "wid": "39",
      "x": "5",
      "y": "2",
      "title": "Change Password",
      "width": "2",
      "height": "1",
      "prefs": "{}",
      "wclass": "",
      "url": "/portal/gadgets/pwd_change/gadget.xml",
      "permissions": [
        "/permission/admin/login"
      ],
      "authorized": "true",
      "id": "pwd_change"
    },
    {
      "wid": "41",
      "x": "1",
      "y": "3",
      "title": "Associated Accounts",
      "width": "2",
      "height": "1",
      "prefs": "{}",
      "wclass": "",
      "url": "/portal/gadgets/connected_accounts/gadget.xml",
      "permissions": [
        "/permission/admin/login"
      ],
      "authorized": "true",
      "id": "manage_accounts"
    },
    {
      "wid": "43",
      "x": "3",
      "y": "3",
      "title": "Authorized Apps",
      "width": "2",
      "height": "1",
      "prefs": "{}",
      "wclass": "",
      "url": "/portal/gadgets/user_auth_apps/gadget.xml",
      "permissions": [
        "/permission/admin/login"
      ],
      "authorized": "true",
      "id": "user_auth_apps"
    },
    {
      "wid": "47",
      "x": "5",
      "y": "3",
      "title": "My Login Sessions",
      "width": "2",
      "height": "1",
      "prefs": "{}",
      "wclass": "",
      "url": "/portal/gadgets/my-login-sessions/gadget.xml",
      "permissions": [
        "/permission/admin/login"
      ],
      "authorized": "true",
      "id": "my_login_sessions"
    },
    {
      "wid": "45",
      "x": "1",
      "y": "4",
      "title": "Pending Approvals",
      "width": "2",
      "height": "1",
      "prefs": "{}",
      "wclass": "",
      "url": "/portal/gadgets/approvals/gadget.xml",
      "permissions": [
        "/permission/admin/manage/humantask/viewtasks"
      ],
      "authorized": "true",
      "id": "approvals"
    },
    {
      "wid": "46",
      "x": "3",
      "y": "4",
      "title": "Monitor Users Login Sessions",
      "width": "2",
      "height": "1",
      "prefs": "{}",
      "wclass": "",
      "url": "/portal/gadgets/login-sessions/gadget.xml",
      "permissions": [
        "/permission/admin/manage/identity/authentication/session"
      ],
      "authorized": "true",
      "id": "login_sessions"
    },
    {
        "wid": "50",
        "x": "5",
        "y": "4",
        "title": "SSO APPS",
        "width": "2",
        "height": "1",
        "prefs": "{}",
        "wclass": "",
        "url": "/portal/gadgets/sso-apps/gadget.xml",
        "permissions": [
            "/permission/admin/login"
        ],
        "authorized": "true",
        "id": "sso_apps"
    }

  ]
}
